Workbook

Sheet alpha
A1: LTSQ AEIIEAF | C1: Core Weight | D1: Active Weight
A2: U3408081-188 Client | E2: GICS Sector Name | F2: GICS Industry Name | G2: Overall FP Score | H2: Quality FP Score | I2: Quality Peer Rank | J2: Growth FP Score | K2: Growth Peer Rank | L2: Valuation FP Score | M2: Valuation Peer Rank | N2: Moment FP Score | O2: Moment Peer Rank | P2: Risk FP Score
A3: {=_xll.BDS(A2,"Portfolio_mweight","Portfolio_mweight")} -> AHT LN Equity | B3: 2.8094335 | C3: =VLOOKUP(A3,_xlfn.ANCHORARRAY(core!$A$3),2,FALSE) -> 0.35400419 | D3: =B3-C3 -> 2.4554294 | E3: {=_xll.BDP(A3,"GICS_SECTOR_NAME")} -> Industrials | F3: {=_xll.BDP(A3,"GICS_INDUSTRY_NAME")} -> Trading Companies & Distributo | G3: {=_xll.BDP($A3,"UD_OVERALL_FACTOR_PERCENTILE")} -> 52.88 | H3: {=_xll.BDP($A3,"UD_OPERATING_QUALITY_FP")} -> 76.58 | I3: {=_xll.BDP($A3,"UD_OPERATING_QUALITY_RANK")} -> 83 | J3: {=_xll.BDP($A3,"UD_GROWTH_PERCENTILE")} -> 57.99 | K3: {=_xll.BDP($A3,"UD_GROWTH_RANK")} -> 69 | L3: {=_xll.BDP($A3,"UD_VALUATION_PERCENTILE")} -> 44.74 | M3: {=_xll.BDP($A3,"UD_VALUATION_RANK")} -> 45 | N3: {=_xll.BDP($A3,"UD_MOMENTUM_PERCENTILE")} -> 37.56 | O3: {=_xll.BDP($A3,"UD_MOMENTUM_RANK")} -> 25 | P3: {=_xll.BDP($A3,"UD_RISK_PERCENTILE")} -> 38.02
A4: AI FP Equity | B4: 2.1795708 | C4: =VLOOKUP(A4,_xlfn.ANCHORARRAY(core!$A$3),2,FALSE) -> 0.69688519 | D4: =B4-C4 -> 1.4826856 | E4: {=_xll.BDP(A4,"GICS_SECTOR_NAME")} -> Materials | F4: {=_xll.BDP(A4,"GICS_INDUSTRY_NAME")} -> Chemicals | G4: {=_xll.BDP($A4,"UD_OVERALL_FACTOR_PERCENTILE")} -> 49.6 | H4: {=_xll.BDP($A4,"UD_OPERATING_QUALITY_FP")} -> 78.57 | I4: {=_xll.BDP($A4,"UD_OPERATING_QUALITY_RANK")} -> 85 | J4: {=_xll.BDP($A4,"UD_GROWTH_PERCENTILE")} -> 44.54 | K4: {=_xll.BDP($A4,"UD_GROWTH_RANK")} -> 37 | L4: {=_xll.BDP($A4,"UD_VALUATION_PERCENTILE")} -> 18.58 | M4: {=_xll.BDP($A4,"UD_VALUATION_RANK")} -> 5 | N4: {=_xll.BDP($A4,"UD_MOMENTUM_PERCENTILE")} -> 52.58 | O4: {=_xll.BDP($A4,"UD_MOMENTUM_RANK")} -> 64 | P4: {=_xll.BDP($A4,"UD_RISK_PERCENTILE")} -> 86.08
A5: ALV GY Equity | B5: 3.3822893 | C5: =VLOOKUP(A5,_xlfn.ANCHORARRAY(core!$A$3),2,FALSE) -> 1.4603468 | D5: =B5-C5 -> 1.9219425 | E5: {=_xll.BDP(A5,"GICS_SECTOR_NAME")} -> Financials | F5: {=_xll.BDP(A5,"GICS_INDUSTRY_NAME")} -> Insurance | G5: {=_xll.BDP($A5,"UD_OVERALL_FACTOR_PERCENTILE")} -> 46.57 | H5: {=_xll.BDP($A5,"UD_OPERATING_QUALITY_FP")} -> 59.09 | I5: {=_xll.BDP($A5,"UD_OPERATING_QUALITY_RANK")} -> 67 | J5: {=_xll.BDP($A5,"UD_GROWTH_PERCENTILE")} -> 65.22 | K5: {=_xll.BDP($A5,"UD_GROWTH_RANK")} -> 82 | L5: {=_xll.BDP($A5,"UD_VALUATION_PERCENTILE")} -> 34.23 | M5: {=_xll.BDP($A5,"UD_VALUATION_RANK")} -> 28 | N5: {=_xll.BDP($A5,"UD_MOMENTUM_PERCENTILE")} -> 46.77 | O5: {=_xll.BDP($A5,"UD_MOMENTUM_RANK")} -> 28 | P5: {=_xll.BDP($A5,"UD_RISK_PERCENTILE")} -> 69.34
A6: AMS SM Equity | B6: 2.0556751 | C6: =VLOOKUP(A6,_xlfn.ANCHORARRAY(core!$A$3),2,FALSE) -> 0.26983943 | D6: =B6-C6 -> 1.7858357 | E6: {=_xll.BDP(A6,"GICS_SECTOR_NAME")} -> Consumer Discretionary | F6: {=_xll.BDP(A6,"GICS_INDUSTRY_NAME")} -> Hotels, Restaurants & Leisure | G6: {=_xll.BDP($A6,"UD_OVERALL_FACTOR_PERCENTILE")} -> 45.01 | H6: {=_xll.BDP($A6,"UD_OPERATING_QUALITY_FP")} -> 58.96 | I6: {=_xll.BDP($A6,"UD_OPERATING_QUALITY_RANK")} -> 59 | J6: {=_xll.BDP($A6,"UD_GROWTH_PERCENTILE")} -> 43.19 | K6: {=_xll.BDP($A6,"UD_GROWTH_RANK")} -> 34 | L6: {=_xll.BDP($A6,"UD_VALUATION_PERCENTILE")} -> 21.66 | M6: {=_xll.BDP($A6,"UD_VALUATION_RANK")} -> 9 | N6: {=_xll.BDP($A6,"UD_MOMENTUM_PERCENTILE")} -> 55.13 | O6: {=_xll.BDP($A6,"UD_MOMENTUM_RANK")} -> 66 | P6: {=_xll.BDP($A6,"UD_RISK_PERCENTILE")} -> 55.14
A7: ASML NA Equity | B7: 4.354022 | C7: =VLOOKUP(A7,_xlfn.ANCHORARRAY(core!$A$3),2,FALSE) -> 2.5426794 | D7: =B7-C7 -> 1.8113426 | E7: {=_xll.BDP(A7,"GICS_SECTOR_NAME")} -> Information Technology | F7: {=_xll.BDP(A7,"GICS_INDUSTRY_NAME")} -> Semiconductors & Semiconductor | G7: {=_xll.BDP($A7,"UD_OVERALL_FACTOR_PERCENTILE")} -> 59.27 | H7: {=_xll.BDP($A7,"UD_OPERATING_QUALITY_FP")} -> 74.29 | I7: {=_xll.BDP($A7,"UD_OPERATING_QUALITY_RANK")} -> 79 | J7: {=_xll.BDP($A7,"UD_GROWTH_PERCENTILE")} -> 66.39 | K7: {=_xll.BDP($A7,"UD_GROWTH_RANK")} -> 85 | L7: {=_xll.BDP($A7,"UD_VALUATION_PERCENTILE")} -> 50.24 | M7: {=_xll.BDP($A7,"UD_VALUATION_RANK")} -> 57 | N7: {=_xll.BDP($A7,"UD_MOMENTUM_PERCENTILE")} -> 53.54 | O7: {=_xll.BDP($A7,"UD_MOMENTUM_RANK")} -> 61 | P7: {=_xll.BDP($A7,"UD_RISK_PERCENTILE")} -> 24.39
A8: ASSAB SS Equity | B8: 2.9384113 | C8: =VLOOKUP(A8,_xlfn.ANCHORARRAY(core!$A$3),2,FALSE) -> 0.40512619 | D8: =B8-C8 -> 2.5332851 | E8: {=_xll.BDP(A8,"GICS_SECTOR_NAME")} -> Industrials | F8: {=_xll.BDP(A8,"GICS_INDUSTRY_NAME")} -> Building Products | G8: {=_xll.BDP($A8,"UD_OVERALL_FACTOR_PERCENTILE")} -> 56.38 | H8: {=_xll.BDP($A8,"UD_OPERATING_QUALITY_FP")} -> 84.74 | I8: {=_xll.BDP($A8,"UD_OPERATING_QUALITY_RANK")} -> 96 | J8: {=_xll.BDP($A8,"UD_GROWTH_PERCENTILE")} -> 51.97 | K8: {=_xll.BDP($A8,"UD_GROWTH_RANK")} -> 54 | L8: {=_xll.BDP($A8,"UD_VALUATION_PERCENTILE")} -> 26.24 | M8: {=_xll.BDP($A8,"UD_VALUATION_RANK")} -> 20 | N8: {=_xll.BDP($A8,"UD_MOMENTUM_PERCENTILE")} -> 59.09 | O8: {=_xll.BDP($A8,"UD_MOMENTUM_RANK")} -> 69 | P8: {=_xll.BDP($A8,"UD_RISK_PERCENTILE")} -> 73.37
A9: AZN LN Equity | B9: 3.8394981 | C9: =VLOOKUP(A9,_xlfn.ANCHORARRAY(core!$A$3),2,FALSE) -> 2.1305933 | D9: =B9-C9 -> 1.7089048 | E9: {=_xll.BDP(A9,"GICS_SECTOR_NAME")} -> Health Care | F9: {=_xll.BDP(A9,"GICS_INDUSTRY_NAME")} -> Pharmaceuticals | G9: {=_xll.BDP($A9,"UD_OVERALL_FACTOR_PERCENTILE")} -> 57.53 | H9: {=_xll.BDP($A9,"UD_OPERATING_QUALITY_FP")} -> 57.33 | I9: {=_xll.BDP($A9,"UD_OPERATING_QUALITY_RANK")} -> 61 | J9: {=_xll.BDP($A9,"UD_GROWTH_PERCENTILE")} -> 45.43 | K9: {=_xll.BDP($A9,"UD_GROWTH_RANK")} -> 39 | L9: {=_xll.BDP($A9,"UD_VALUATION_PERCENTILE")} -> 65.06 | M9: {=_xll.BDP($A9,"UD_VALUATION_RANK")} -> 77 | N9: {=_xll.BDP($A9,"UD_MOMENTUM_PERCENTILE")} -> 49.96 | O9: {=_xll.BDP($A9,"UD_MOMENTUM_RANK")} -> 52 | P9: {=_xll.BDP($A9,"UD_RISK_PERCENTILE")} -> 81.27
A10: CLNX SM Equity | B10: 1.2394056 | C10: =VLOOKUP(A10,_xlfn.ANCHORARRAY(core!$A$3),2,FALSE) -> 0.10841089 | D10: =B10-C10 -> 1.1309947 | E10: {=_xll.BDP(A10,"GICS_SECTOR_NAME")} -> Communication Services | F10: {=_xll.BDP(A10,"GICS_INDUSTRY_NAME")} -> Diversified Telecommunication | G10: {=_xll.BDP($A10,"UD_OVERALL_FACTOR_PERCENTILE")} -> 42.4 | H10: {=_xll.BDP($A10,"UD_OPERATING_QUALITY_FP")} -> 56.59 | I10: {=_xll.BDP($A10,"UD_OPERATING_QUALITY_RANK")} -> 57 | J10: {=_xll.BDP($A10,"UD_GROWTH_PERCENTILE")} -> 53.71 | K10: {=_xll.BDP($A10,"UD_GROWTH_RANK")} -> 59 | L10: {=_xll.BDP($A10,"UD_VALUATION_PERCENTILE")} -> 31.61 | M10: {=_xll.BDP($A10,"UD_VALUATION_RANK")} -> 21 | N10: {=_xll.BDP($A10,"UD_MOMENTUM_PERCENTILE")} -> 39.34 | O10: {=_xll.BDP($A10,"UD_MOMENTUM_RANK")} -> 20 | P10: {=_xll.BDP($A10,"UD_RISK_PERCENTILE")} -> 74.56
A11: CPG LN Equity | B11: 2.3088022 | C11: =VLOOKUP(A11,_xlfn.ANCHORARRAY(core!$A$3),2,FALSE) -> 0.70521191 | D11: =B11-C11 -> 1.6035903 | E11: {=_xll.BDP(A11,"GICS_SECTOR_NAME")} -> Consumer Discretionary | F11: {=_xll.BDP(A11,"GICS_INDUSTRY_NAME")} -> Hotels, Restaurants & Leisure | G11: {=_xll.BDP($A11,"UD_OVERALL_FACTOR_PERCENTILE")} -> 50.41 | H11: {=_xll.BDP($A11,"UD_OPERATING_QUALITY_FP")} -> 71.99 | I11: {=_xll.BDP($A11,"UD_OPERATING_QUALITY_RANK")} -> 83 | J11: {=_xll.BDP($A11,"UD_GROWTH_PERCENTILE")} -> 66.88 | K11: {=_xll.BDP($A11,"UD_GROWTH_RANK")} -> 85 | L11: {=_xll.BDP($A11,"UD_VALUATION_PERCENTILE")} -> 16.91 | M11: {=_xll.BDP($A11,"UD_VALUATION_RANK")} -> 7 | N11: {=_xll.BDP($A11,"UD_MOMENTUM_PERCENTILE")} -> 63.36 | O11: {=_xll.BDP($A11,"UD_MOMENTUM_RANK")} -> 86 | P11: {=_xll.BDP($A11,"UD_RISK_PERCENTILE")} -> 73.89
A12: DG FP Equity | B12: 2.2310569 | C12: =VLOOKUP(A12,_xlfn.ANCHORARRAY(core!$A$3),2,FALSE) -> 0.7169267 | D12: =B12-C12 -> 1.5141302 | E12: {=_xll.BDP(A12,"GICS_SECTOR_NAME")} -> Industrials | F12: {=_xll.BDP(A12,"GICS_INDUSTRY_NAME")} -> Construction & Engineering | G12: {=_xll.BDP($A12,"UD_OVERALL_FACTOR_PERCENTILE")} -> 53.22 | H12: {=_xll.BDP($A12,"UD_OPERATING_QUALITY_FP")} -> 43.85 | I12: {=_xll.BDP($A12,"UD_OPERATING_QUALITY_RANK")} -> 27 | J12: {=_xll.BDP($A12,"UD_GROWTH_PERCENTILE")} -> 49.33 | K12: {=_xll.BDP($A12,"UD_GROWTH_RANK")} -> 47 | L12: {=_xll.BDP($A12,"UD_VALUATION_PERCENTILE")} -> 64.84 | M12: {=_xll.BDP($A12,"UD_VALUATION_RANK")} -> 83 | N12: {=_xll.BDP($A12,"UD_MOMENTUM_PERCENTILE")} -> 50.62 | O12: {=_xll.BDP($A12,"UD_MOMENTUM_RANK")} -> 50 | P12: {=_xll.BDP($A12,"UD_RISK_PERCENTILE")} -> 64.26
A13: DGE LN Equity | B13: 2.2932647 | C13: =VLOOKUP(A13,_xlfn.ANCHORARRAY(core!$A$3),2,FALSE) -> 0.49994172 | D13: =B13-C13 -> 1.793323 | E13: {=_xll.BDP(A13,"GICS_SECTOR_NAME")} -> Consumer Staples | F13: {=_xll.BDP(A13,"GICS_INDUSTRY_NAME")} -> Beverages | G13: {=_xll.BDP($A13,"UD_OVERALL_FACTOR_PERCENTILE")} -> 52.51 | H13: {=_xll.BDP($A13,"UD_OPERATING_QUALITY_FP")} -> 69.21 | I13: {=_xll.BDP($A13,"UD_OPERATING_QUALITY_RANK")} -> 75 | J13: {=_xll.BDP($A13,"UD_GROWTH_PERCENTILE")} -> 36.39 | K13: {=_xll.BDP($A13,"UD_GROWTH_RANK")} -> 20 | L13: {=_xll.BDP($A13,"UD_VALUATION_PERCENTILE")} -> 35.85 | M13: {=_xll.BDP($A13,"UD_VALUATION_RANK")} -> 23 | N13: {=_xll.BDP($A13,"UD_MOMENTUM_PERCENTILE")} -> 52.97 | O13: {=_xll.BDP($A13,"UD_MOMENTUM_RANK")} -> 63 | P13: {=_xll.BDP($A13,"UD_RISK_PERCENTILE")} -> 78.36
A14: DNB NO Equity | B14: 2.3004378 | C14: =VLOOKUP(A14,_xlfn.ANCHORARRAY(core!$A$3),2,FALSE) -> 0.46945604 | D14: =B14-C14 -> 1.8309818 | E14: {=_xll.BDP(A14,"GICS_SECTOR_NAME")} -> Financials | F14: {=_xll.BDP(A14,"GICS_INDUSTRY_NAME")} -> Banks | G14: {=_xll.BDP($A14,"UD_OVERALL_FACTOR_PERCENTILE")} -> 48.97 | H14: {=_xll.BDP($A14,"UD_OPERATING_QUALITY_FP")} -> 63.73 | I14: {=_xll.BDP($A14,"UD_OPERATING_QUALITY_RANK")} -> 79 | J14: {=_xll.BDP($A14,"UD_GROWTH_PERCENTILE")} -> 55.01 | K14: {=_xll.BDP($A14,"UD_GROWTH_RANK")} -> 62 | L14: {=_xll.BDP($A14,"UD_VALUATION_PERCENTILE")} -> 50.51 | M14: {=_xll.BDP($A14,"UD_VALUATION_RANK")} -> 56 | N14: {=_xll.BDP($A14,"UD_MOMENTUM_PERCENTILE")} -> 32.63 | O14: {=_xll.BDP($A14,"UD_MOMENTUM_RANK")} -> 14 | P14: {=_xll.BDP($A14,"UD_RISK_PERCENTILE")} -> 53.09
A15: DSV DC Equity | B15: 1.9326943 | C15: =VLOOKUP(A15,_xlfn.ANCHORARRAY(core!$A$3),2,FALSE) -> 0.41158397 | D15: =B15-C15 -> 1.5211103 | E15: {=_xll.BDP(A15,"GICS_SECTOR_NAME")} -> Industrials | F15: {=_xll.BDP(A15,"GICS_INDUSTRY_NAME")} -> Air Freight & Logistics | G15: {=_xll.BDP($A15,"UD_OVERALL_FACTOR_PERCENTILE")} -> 46.95 | H15: {=_xll.BDP($A15,"UD_OPERATING_QUALITY_FP")} -> 70.26 | I15: {=_xll.BDP($A15,"UD_OPERATING_QUALITY_RANK")} -> 73 | J15: {=_xll.BDP($A15,"UD_GROWTH_PERCENTILE")} -> 56.48 | K15: {=_xll.BDP($A15,"UD_GROWTH_RANK")} -> 65 | L15: {=_xll.BDP($A15,"UD_VALUATION_PERCENTILE")} -> 29.37 | M15: {=_xll.BDP($A15,"UD_VALUATION_RANK")} -> 26 | N15: {=_xll.BDP($A15,"UD_MOMENTUM_PERCENTILE")} -> 41.74 | O15: {=_xll.BDP($A15,"UD_MOMENTUM_RANK")} -> 33 | P15: {=_xll.BDP($A15,"UD_RISK_PERCENTILE")} -> 68.58
... A41: VACN SW Equity | B41: 1.6216368 | C41: =VLOOKUP(A41,_xlfn.ANCHORARRAY(core!$A$3),2,FALSE) -> 0.019140566 | D41: =B41-C41 -> 1.6024963 | E41: {=_xll.BDP(A41,"GICS_SECTOR_NAME")} -> Industrials | F41: {=_xll.BDP(A41,"GICS_INDUSTRY_NAME")} -> Machinery | G41: {=_xll.BDP($A41,"UD_OVERALL_FACTOR_PERCENTILE")} -> 36.5 | H41: {=_xll.BDP($A41,"UD_OPERATING_QUALITY_FP")} -> 78.07 | I41: {=_xll.BDP($A41,"UD_OPERATING_QUALITY_RANK")} -> 86 | J41: {=_xll.BDP($A41,"UD_GROWTH_PERCENTILE")} -> 65.26 | K41: {=_xll.BDP($A41,"UD_GROWTH_RANK")} -> 82 | L41: {=_xll.BDP($A41,"UD_VALUATION_PERCENTILE")} -> 17.22 | M41: {=_xll.BDP($A41,"UD_VALUATION_RANK")} -> 8 | N41: {=_xll.BDP($A41,"UD_MOMENTUM_PERCENTILE")} -> 14.78 | O41: {=_xll.BDP($A41,"UD_MOMENTUM_RANK")} -> 3 | P41: {=_xll.BDP($A41,"UD_RISK_PERCENTILE")} -> 25.31

Sheet core
A1: LTSQ AEIIEAF Core
A2: U3408081-209 Client | C2: GICS Sector Name | D2: GICS Industry Name | E2: Overall FP Score | F2: Quality FP Score | G2: Quality Peer Rank | H2: Growth FP Score | I2: Growth Peer Rank | J2: Valuation FP Score | K2: Valuation Peer Rank | L2: Moment FP Score | M2: Moment Peer Rank | N2: Risk FP Score
A3: {=_xll.BDS(A2,"Portfolio_mweight","Portfolio_mweight")} -> 1COV GY Equity | B3: 0.28445068 | C3: {=_xll.BDP(A3,"GICS_SECTOR_NAME")} -> Materials | D3: {=_xll.BDP(A3,"GICS_INDUSTRY_NAME")} -> Chemicals | E3: {=_xll.BDP($A3,"UD_OVERALL_FACTOR_PERCENTILE")} -> 33.61 | F3: {=IFERROR(_xll.BDP($A3,"UD_OPERATING_QUALITY_FP"),50)} -> 18.71 | G3: {=_xll.BDP($A3,"UD_OPERATING_QUALITY_RANK")} -> 8 | H3: {=_xll.BDP($A3,"UD_GROWTH_PERCENTILE")} -> 30.64 | I3: {=_xll.BDP($A3,"UD_GROWTH_RANK")} -> 9 | J3: {=_xll.BDP($A3,"UD_VALUATION_PERCENTILE")} -> 35.44 | K3: {=_xll.BDP($A3,"UD_VALUATION_RANK")} -> 27 | L3: {=_xll.BDP($A3,"UD_MOMENTUM_PERCENTILE")} -> 46.62 | M3: {=_xll.BDP($A3,"UD_MOMENTUM_RANK")} -> 42 | N3: {=_xll.BDP($A3,"UD_RISK_PERCENTILE")} -> 69.54
A4: ABBN SW Equity | B4: 1.1696938 | C4: {=_xll.BDP(A4,"GICS_SECTOR_NAME")} -> Industrials | D4: {=_xll.BDP(A4,"GICS_INDUSTRY_NAME")} -> Electrical Equipment | E4: {=_xll.BDP($A4,"UD_OVERALL_FACTOR_PERCENTILE")} -> 48.61 | F4: {=IFERROR(_xll.BDP($A4,"UD_OPERATING_QUALITY_FP"),50)} -> 68.78 | G4: {=_xll.BDP($A4,"UD_OPERATING_QUALITY_RANK")} -> 71 | H4: {=_xll.BDP($A4,"UD_GROWTH_PERCENTILE")} -> 58.51 | I4: {=_xll.BDP($A4,"UD_GROWTH_RANK")} -> 70 | J4: {=_xll.BDP($A4,"UD_VALUATION_PERCENTILE")} -> 13.28 | K4: {=_xll.BDP($A4,"UD_VALUATION_RANK")} -> 5 | L4: {=_xll.BDP($A4,"UD_MOMENTUM_PERCENTILE")} -> 64.85 | M4: {=_xll.BDP($A4,"UD_MOMENTUM_RANK")} -> 78 | N4: {=_xll.BDP($A4,"UD_RISK_PERCENTILE")} -> 61.06
A5: ABF LN Equity | B5: 0.16185751 | C5: {=_xll.BDP(A5,"GICS_SECTOR_NAME")} -> Consumer Staples | D5: {=_xll.BDP(A5,"GICS_INDUSTRY_NAME")} -> Food Products | E5: {=_xll.BDP($A5,"UD_OVERALL_FACTOR_PERCENTILE")} -> 55.49 | F5: {=IFERROR(_xll.BDP($A5,"UD_OPERATING_QUALITY_FP"),50)} -> 43.7 | G5: {=_xll.BDP($A5,"UD_OPERATING_QUALITY_RANK")} -> 19 | H5: {=_xll.BDP($A5,"UD_GROWTH_PERCENTILE")} -> 43.54 | I5: {=_xll.BDP($A5,"UD_GROWTH_RANK")} -> 35 | J5: {=_xll.BDP($A5,"UD_VALUATION_PERCENTILE")} -> 76.42 | K5: {=_xll.BDP($A5,"UD_VALUATION_RANK")} -> 99 | L5: {=_xll.BDP($A5,"UD_MOMENTUM_PERCENTILE")} -> 45.72 | M5: {=_xll.BDP($A5,"UD_MOMENTUM_RANK")} -> 35 | N5: {=_xll.BDP($A5,"UD_RISK_PERCENTILE")} -> 53.9
A6: ABI BB Equity | B6: 0.36769424 | C6: {=_xll.BDP(A6,"GICS_SECTOR_NAME")} -> Consumer Staples | D6: {=_xll.BDP(A6,"GICS_INDUSTRY_NAME")} -> Beverages | E6: {=_xll.BDP($A6,"UD_OVERALL_FACTOR_PERCENTILE")} -> 53.2 | F6: {=IFERROR(_xll.BDP($A6,"UD_OPERATING_QUALITY_FP"),50)} -> 82.18 | G6: {=_xll.BDP($A6,"UD_OPERATING_QUALITY_RANK")} -> 97 | H6: {=_xll.BDP($A6,"UD_GROWTH_PERCENTILE")} -> 32.16 | I6: {=_xll.BDP($A6,"UD_GROWTH_RANK")} -> 12 | J6: {=_xll.BDP($A6,"UD_VALUATION_PERCENTILE")} -> 27.46 | K6: {=_xll.BDP($A6,"UD_VALUATION_RANK")} -> 12 | L6: {=_xll.BDP($A6,"UD_MOMENTUM_PERCENTILE")} -> 50.76 | M6: {=_xll.BDP($A6,"UD_MOMENTUM_RANK")} -> 55 | N6: {=_xll.BDP($A6,"UD_RISK_PERCENTILE")} -> 56.41
A7: ABN NA Equity | B7: 0.22789343 | C7: {=_xll.BDP(A7,"GICS_SECTOR_NAME")} -> Financials | D7: {=_xll.BDP(A7,"GICS_INDUSTRY_NAME")} -> Banks | E7: {=_xll.BDP($A7,"UD_OVERALL_FACTOR_PERCENTILE")} -> 50.35 | F7: {=IFERROR(_xll.BDP($A7,"UD_OPERATING_QUALITY_FP"),50)} -> 32.94 | G7: {=_xll.BDP($A7,"UD_OPERATING_QUALITY_RANK")} -> 12 | H7: {=_xll.BDP($A7,"UD_GROWTH_PERCENTILE")} -> 60.36 | I7: {=_xll.BDP($A7,"UD_GROWTH_RANK")} -> 74 | J7: {=_xll.BDP($A7,"UD_VALUATION_PERCENTILE")} -> 52.07 | K7: {=_xll.BDP($A7,"UD_VALUATION_RANK")} -> 61 | L7: {=_xll.BDP($A7,"UD_MOMENTUM_PERCENTILE")} -> 66 | M7: {=_xll.BDP($A7,"UD_MOMENTUM_RANK")} -> 76 | N7: {=_xll.BDP($A7,"UD_RISK_PERCENTILE")} -> 57.29
A8: AC FP Equity | B8: 0.071377487 | C8: {=_xll.BDP(A8,"GICS_SECTOR_NAME")} -> Consumer Discretionary | D8: {=_xll.BDP(A8,"GICS_INDUSTRY_NAME")} -> Hotels, Restaurants & Leisure | E8: {=_xll.BDP($A8,"UD_OVERALL_FACTOR_PERCENTILE")} -> 43.26 | F8: {=IFERROR(_xll.BDP($A8,"UD_OPERATING_QUALITY_FP"),50)} -> 53.96 | G8: {=_xll.BDP($A8,"UD_OPERATING_QUALITY_RANK")} -> 47 | H8: {=_xll.BDP($A8,"UD_GROWTH_PERCENTILE")} -> 64.57 | I8: {=_xll.BDP($A8,"UD_GROWTH_RANK")} -> 81 | J8: {=_xll.BDP($A8,"UD_VALUATION_PERCENTILE")} -> 36.89 | K8: {=_xll.BDP($A8,"UD_VALUATION_RANK")} -> 32 | L8: {=_xll.BDP($A8,"UD_MOMENTUM_PERCENTILE")} -> 39.13 | M8: {=_xll.BDP($A8,"UD_MOMENTUM_RANK")} -> 36 | N8: {=_xll.BDP($A8,"UD_RISK_PERCENTILE")} -> 35.34
A9: ACA FP Equity | B9: 0.22870285 | C9: {=_xll.BDP(A9,"GICS_SECTOR_NAME")} -> Financials | D9: {=_xll.BDP(A9,"GICS_INDUSTRY_NAME")} -> Banks | E9: {=_xll.BDP($A9,"UD_OVERALL_FACTOR_PERCENTILE")} -> 59.53 | F9: {=IFERROR(_xll.BDP($A9,"UD_OPERATING_QUALITY_FP"),50)} -> 52.17 | G9: {=_xll.BDP($A9,"UD_OPERATING_QUALITY_RANK")} -> 57 | H9: {=_xll.BDP($A9,"UD_GROWTH_PERCENTILE")} -> 62.54 | I9: {=_xll.BDP($A9,"UD_GROWTH_RANK")} -> 78 | J9: {=_xll.BDP($A9,"UD_VALUATION_PERCENTILE")} -> 77.8 | K9: {=_xll.BDP($A9,"UD_VALUATION_RANK")} -> 97 | L9: {=_xll.BDP($A9,"UD_MOMENTUM_PERCENTILE")} -> 48.06 | M9: {=_xll.BDP($A9,"UD_MOMENTUM_RANK")} -> 49 | N9: {=_xll.BDP($A9,"UD_RISK_PERCENTILE")} -> 46.02
A10: ACS SM Equity | B10: 0.31753552 | C10: {=_xll.BDP(A10,"GICS_SECTOR_NAME")} -> Industrials | D10: {=_xll.BDP(A10,"GICS_INDUSTRY_NAME")} -> Construction & Engineering | E10: {=_xll.BDP($A10,"UD_OVERALL_FACTOR_PERCENTILE")} -> 47.11 | F10: {=IFERROR(_xll.BDP($A10,"UD_OPERATING_QUALITY_FP"),50)} -> 35.85 | G10: {=_xll.BDP($A10,"UD_OPERATING_QUALITY_RANK")} -> 15 | H10: {=_xll.BDP($A10,"UD_GROWTH_PERCENTILE")} -> 53.38 | I10: {=_xll.BDP($A10,"UD_GROWTH_RANK")} -> 58 | J10: {=_xll.BDP($A10,"UD_VALUATION_PERCENTILE")} -> 44.9 | K10: {=_xll.BDP($A10,"UD_VALUATION_RANK")} -> 46 | L10: {=_xll.BDP($A10,"UD_MOMENTUM_PERCENTILE")} -> 60.65 | M10: {=_xll.BDP($A10,"UD_MOMENTUM_RANK")} -> 73 | N10: {=_xll.BDP($A10,"UD_RISK_PERCENTILE")} -> 74.98
A11: AD NA Equity | B11: 0.34238756 | C11: {=_xll.BDP(A11,"GICS_SECTOR_NAME")} -> Consumer Staples | D11: {=_xll.BDP(A11,"GICS_INDUSTRY_NAME")} -> Consumer Staples Distribution | E11: {=_xll.BDP($A11,"UD_OVERALL_FACTOR_PERCENTILE")} -> 56.1 | F11: {=IFERROR(_xll.BDP($A11,"UD_OPERATING_QUALITY_FP"),50)} -> 55.67 | G11: {=_xll.BDP($A11,"UD_OPERATING_QUALITY_RANK")} -> 57 | H11: {=_xll.BDP($A11,"UD_GROWTH_PERCENTILE")} -> 37.37 | I11: {=_xll.BDP($A11,"UD_GROWTH_RANK")} -> 21 | J11: {=_xll.BDP($A11,"UD_VALUATION_PERCENTILE")} -> 56.1 | K11: {=_xll.BDP($A11,"UD_VALUATION_RANK")} -> 65 | L11: {=_xll.BDP($A11,"UD_MOMENTUM_PERCENTILE")} -> 56.53 | M11: {=_xll.BDP($A11,"UD_MOMENTUM_RANK")} -> 72 | N11: {=_xll.BDP($A11,"UD_RISK_PERCENTILE")} -> 93.9
A12: ADEN SW Equity | B12: 0.064549568 | C12: {=_xll.BDP(A12,"GICS_SECTOR_NAME")} -> Industrials | D12: {=_xll.BDP(A12,"GICS_INDUSTRY_NAME")} -> Professional Services | E12: {=_xll.BDP($A12,"UD_OVERALL_FACTOR_PERCENTILE")} -> 51.31 | F12: {=IFERROR(_xll.BDP($A12,"UD_OPERATING_QUALITY_FP"),50)} -> 60.69 | G12: {=_xll.BDP($A12,"UD_OPERATING_QUALITY_RANK")} -> 58 | H12: {=_xll.BDP($A12,"UD_GROWTH_PERCENTILE")} -> 38.59 | I12: {=_xll.BDP($A12,"UD_GROWTH_RANK")} -> 24 | J12: {=_xll.BDP($A12,"UD_VALUATION_PERCENTILE")} -> 54.59 | K12: {=_xll.BDP($A12,"UD_VALUATION_RANK")} -> 62 | L12: {=_xll.BDP($A12,"UD_MOMENTUM_PERCENTILE")} -> 38.56 | M12: {=_xll.BDP($A12,"UD_MOMENTUM_RANK")} -> 27 | N12: {=_xll.BDP($A12,"UD_RISK_PERCENTILE")} -> 35.04
A13: ADM LN Equity | B13: 0.057683412 | C13: {=_xll.BDP(A13,"GICS_SECTOR_NAME")} -> Financials | D13: {=_xll.BDP(A13,"GICS_INDUSTRY_NAME")} -> Insurance | E13: {=_xll.BDP($A13,"UD_OVERALL_FACTOR_PERCENTILE")} -> 54.18 | F13: {=IFERROR(_xll.BDP($A13,"UD_OPERATING_QUALITY_FP"),50)} -> 78.21 | G13: {=_xll.BDP($A13,"UD_OPERATING_QUALITY_RANK")} -> 89 | H13: {=_xll.BDP($A13,"UD_GROWTH_PERCENTILE")} -> 74.56 | I13: {=_xll.BDP($A13,"UD_GROWTH_RANK")} -> 94 | J13: {=_xll.BDP($A13,"UD_VALUATION_PERCENTILE")} -> 19.12 | K13: {=_xll.BDP($A13,"UD_VALUATION_RANK")} -> 13 | L13: {=_xll.BDP($A13,"UD_MOMENTUM_PERCENTILE")} -> 66.28 | M13: {=_xll.BDP($A13,"UD_MOMENTUM_RANK")} -> 80 | N13: {=_xll.BDP($A13,"UD_RISK_PERCENTILE")} -> 84.97
A14: ADP FP Equity | B14: 0.1656226 | C14: {=_xll.BDP(A14,"GICS_SECTOR_NAME")} -> Industrials | D14: {=_xll.BDP(A14,"GICS_INDUSTRY_NAME")} -> Transportation Infrastructure | E14: {=_xll.BDP($A14,"UD_OVERALL_FACTOR_PERCENTILE")} -> 40.6 | F14: {=IFERROR(_xll.BDP($A14,"UD_OPERATING_QUALITY_FP"),50)} -> 24.5 | G14: {=_xll.BDP($A14,"UD_OPERATING_QUALITY_RANK")} -> 4 | H14: {=_xll.BDP($A14,"UD_GROWTH_PERCENTILE")} -> 42.62 | I14: {=_xll.BDP($A14,"UD_GROWTH_RANK")} -> 33 | J14: {=_xll.BDP($A14,"UD_VALUATION_PERCENTILE")} -> 55.72 | K14: {=_xll.BDP($A14,"UD_VALUATION_RANK")} -> 67 | L14: {=_xll.BDP($A14,"UD_MOMENTUM_PERCENTILE")} -> 41.13 | M14: {=_xll.BDP($A14,"UD_MOMENTUM_RANK")} -> 30 | N14: {=_xll.BDP($A14,"UD_RISK_PERCENTILE")} -> 54.26
A15: ADS GY Equity | B15: 0.31596506 | C15: {=_xll.BDP(A15,"GICS_SECTOR_NAME")} -> Consumer Discretionary | D15: {=_xll.BDP(A15,"GICS_INDUSTRY_NAME")} -> Textiles, Apparel & Luxury Goo | E15: {=_xll.BDP($A15,"UD_OVERALL_FACTOR_PERCENTILE")} -> 42.39 | F15: {=IFERROR(_xll.BDP($A15,"UD_OPERATING_QUALITY_FP"),50)} -> 46.2 | G15: {=_xll.BDP($A15,"UD_OPERATING_QUALITY_RANK")} -> 30 | H15: {=_xll.BDP($A15,"UD_GROWTH_PERCENTILE")} -> 59.22 | I15: {=_xll.BDP($A15,"UD_GROWTH_RANK")} -> 72 | J15: {=_xll.BDP($A15,"UD_VALUATION_PERCENTILE")} -> 31.76 | K15: {=_xll.BDP($A15,"UD_VALUATION_RANK")} -> 23 | L15: {=_xll.BDP($A15,"UD_MOMENTUM_PERCENTILE")} -> 49.53 | M15: {=_xll.BDP($A15,"UD_MOMENTUM_RANK")} -> 54 | N15: {=_xll.BDP($A15,"UD_RISK_PERCENTILE")} -> 41.8
... A317: ZURN SW Equity | B317: 1.0416998 | C317: {=_xll.BDP(A317,"GICS_SECTOR_NAME")} -> Financials | D317: {=_xll.BDP(A317,"GICS_INDUSTRY_NAME")} -> Insurance | E317: {=_xll.BDP($A317,"UD_OVERALL_FACTOR_PERCENTILE")} -> 44.81 | F317: {=IFERROR(_xll.BDP($A317,"UD_OPERATING_QUALITY_FP"),50)} -> 59.99 | G317: {=_xll.BDP($A317,"UD_OPERATING_QUALITY_RANK")} -> 72 | H317: {=_xll.BDP($A317,"UD_GROWTH_PERCENTILE")} -> 60.24 | I317: {=_xll.BDP($A317,"UD_GROWTH_RANK")} -> 73 | J317: {=_xll.BDP($A317,"UD_VALUATION_PERCENTILE")} -> 29.27 | K317: {=_xll.BDP($A317,"UD_VALUATION_RANK")} -> 20 | L317: {=_xll.BDP($A317,"UD_MOMENTUM_PERCENTILE")} -> 45.64 | M317: {=_xll.BDP($A317,"UD_MOMENTUM_RANK")} -> 20 | N317: {=_xll.BDP($A317,"UD_RISK_PERCENTILE")} -> 87.54

Sheet net
C2: Alpha | D2: Core | E2: Net
B3: Weighted Average Quality Exposure | C3: =SUMPRODUCT(alpha!$B$3:$B$41,alpha!I3:I41) / 100 -> 71.14507 | D3: =SUMPRODUCT(core!$B$3:$B$317,core!G3:G317) / 100 -> 54.838279 | E3: =C3-D3 -> 16.30679
B4: Weighted Average Value Exposure | C4: =SUMPRODUCT(alpha!$B$3:$B$41,alpha!M3:M41) / 100 -> 43.033905 | D4: =SUMPRODUCT(core!$B$3:$B$317,core!K3:K317) / 100 -> 43.797978 | E4: =C4-D4 -> -0.7640735
B5: Weighted Average Momentum Exposure | C5: =SUMPRODUCT(alpha!$B$3:$B$41,alpha!O3:O41) / 100 -> 43.236681 | D5: =SUMPRODUCT(core!$B$3:$B$317,core!M3:M317) / 100 -> 48.657355 | E5: =C5-D5 -> -5.4206735
